Rk;Player;Nation;Pos;Squad;Age;Born;MP;Starts;Min;90s;Gls;Ast;G+A;G-PK;PK;PKatt;CrdY;CrdR;Gls/90;Ast/90;G+A/90;G-PK/90;G+A-PK/90
1;Brenden Aaronson;USA;MF,FW;Leeds United;25-173;2000;30;24;1975;21,9;4;3;7;4;0;0;1;0;0,18;0,14;0,32;0,18;0,32
2;Zach Abbott;ENG;DF;Nottingham Forest;19-335;2006;2;1;120;1,3;0;0;0;0;0;0;0;0;0;0;0;0;0
3;Tammy Abraham;ENG;FW;Aston Villa;28-193;1997;9;1;206;2,3;1;0;1;1;0;0;0;0;0,44;0;0,44;0,44;0,44
4;Joshua Acheampong;ENG;DF;Chelsea;19-343;2006;13;7;576;6,4;1;0;1;1;0;0;1;0;0,16;0;0,16;0,16;0,16
5;Tyler Adams;USA;MF;Bournemouth;27-058;1999;19;18;1432;15,9;2;1;3;2;0;0;7;0;0,13;0,06;0,19;0,13;0,19
6;Tosin Adarabioyo;ENG;DF;Chelsea;28-201;1997;15;7;750;8,3;0;0;0;0;0;0;2;0;0;0;0;0;0
7;Simon Adingra;CIV;MF,FW;Sunderland;24-102;2002;14;9;653;7,3;1;0;1;1;0;0;2;0;0,14;0;0,14;0,14;0,14
8;Amine Adli;MAR;MF;Bournemouth;25-338;2000;27;10;1040;11,6;3;1;4;3;0;0;2;0;0,26;0,09;0,35;0,26;0,35
9;Emmanuel Agbadou;CIV;DF;Wolves;28-300;1997;14;12;1101;12,2;0;0;0;0;0;0;1;1;0;0;0;0;0
10;Nayef Aguerd;MAR;DF;West Ham United;30-014;1996;2;2;180;2;0;0;0;0;0;0;0;0;0;0;0;0;0
11;Ola Aina;NGA;DF;Nottingham Forest;29-187;1996;16;16;1408;15,6;0;0;0;0;0;0;3;0;0;0;0;0;0
12;Rayan Aďt-Nouri;ALG;DF;Manchester City;24-311;2001;14;10;806;9;0;2;2;0;0;0;2;0;0;0,22;0,22;0;0,22
13;Kristoffer Ajer;NOR;DF;Brentford;27-361;1998;24;18;1628;18,1;0;1;1;0;0;0;3;0;0;0,06;0,06;0;0,06
14;Nathan Aké;NED;DF;Manchester City;31-054;1995;14;4;495;5,5;0;0;0;0;0;0;1;0;0;0;0;0;0
15;Carlos Alcaraz;ARG;MF;Everton;23-134;2002;16;6;675;7,5;0;1;1;0;0;0;3;0;0;0,13;0,13;0;0,13
16;Omar Alderete;PAR;DF;Sunderland;29-108;1996;28;27;2444;27,2;1;1;2;1;0;0;6;0;0,04;0,04;0,07;0,04;0,07
17;Alisson;BRA;GK;Liverpool;33-193;1992;25;25;2250;25;0;0;0;0;0;0;1;0;0;0;0;0;0
18;Max Alleyne;ENG;DF;Manchester City;20-266;2005;2;2;135;1,5;0;0;0;0;0;0;0;0;0;0;0;0;0
19;Jaydon Amauri Banel;NED;FW,MF;Burnley;21-176;2004;1;0;10;0,1;0;0;0;0;0;0;0;0;0;0;0;0;0
20;Ethan Ampadu;WAL;MF;Leeds United;25-211;2000;28;28;2489;27,7;1;1;2;1;0;0;7;0;0,04;0,04;0,07;0,04;0,07
21;Joachim Andersen;DEN;DF;Fulham;29-317;1996;29;29;2561;28,5;0;1;1;0;0;0;7;0;0;0,04;0,04;0;0,04
22;Elliot Anderson;ENG;MF;Nottingham Forest;23-158;2002;32;32;2862;31,8;2;2;4;1;1;1;6;0;0,06;0,06;0,13;0,03;0,09
23;André;BRA;MF;Wolves;24-271;2001;29;24;2222;24,7;1;0;1;1;0;0;9;0;0,04;0;0,04;0,04;0,04
24;Nilson Angulo;ECU;MF;Sunderland;22-298;2003;5;3;256;2,8;0;0;0;0;0;0;0;0;0;0;0;0;0
25;Jaidon Anthony;ENG;MF;Burnley;26-133;1999;31;26;2204;24,5;7;1;8;7;0;0;4;0;0,29;0,04;0,33;0,29;0,33
26;Alphonse Areola;FRA;GK;West Ham United;33-045;1993;20;20;1800;20;0;1;1;0;0;0;0;0;0;0,05;0,05;0;0,05
27;Jhon Arias;COL;FW,MF;Wolves;28-204;1997;23;14;1124;12,5;1;0;1;1;0;0;1;0;0,08;0;0,08;0,08;0,08
28;Adam Armstrong;ENG;FW,MF;Wolves;29-062;1997;8;8;636;7,1;1;2;3;1;0;0;3;0;0,14;0,28;0,42;0,14;0,42
29;Harrison Armstrong;ENG;MF;Everton;19-084;2007;11;6;499;5,5;0;0;0;0;0;0;0;0;0;0;0;0;0
30;Tolu Arokodare;NGA;FW;Wolves;25-141;2000;28;12;1264;14;3;1;4;3;0;1;1;0;0,21;0,07;0,28;0,21;0,28
31;Taiwo Awoniyi;NGA;FW;Nottingham Forest;28-244;1997;12;1;279;3,1;2;0;2;2;0;0;1;0;0,65;0;0,65;0,65;0,65
32;Yasin Ayari;SWE;MF;Brighton;22-189;2003;25;19;1816;20,2;3;3;6;3;0;0;1;0;0,15;0,15;0,3;0,15;0,3
33;Benoît Badiashile;FRA;DF;Chelsea;25-018;2001;8;6;471;5,2;0;0;0;0;0;0;2;0;0;0;0;0;0
34;Leon Bailey;JAM;MF;Aston Villa;28-247;1997;9;2;340;3,8;0;1;1;0;0;0;1;0;0;0,26;0,26;0;0,26
35;Dilane Bakwa;FRA;MF;Nottingham Forest;23-230;2002;10;3;345;3,8;0;1;1;0;0;0;1;0;0;0,26;0,26;0;0,26
36;Carlos Baleba;CMR;MF;Brighton;22-100;2004;26;19;1295;14,4;0;0;0;0;0;0;5;0;0;0;0;0;0
37;Daniel Ballard;NIR;DF;Sunderland;26-203;1999;26;22;2008;22,3;2;0;2;2;0;0;3;0;0,09;0;0,09;0,09;0,09
38;Ross Barkley;ENG;MF;Aston Villa;32-129;1993;15;3;478;5,3;2;0;2;2;0;0;0;0;0,38;0;0,38;0,38;0,38
39;Ashley Barnes;ENG;FW,MF;Burnley;36-165;1989;6;0;40;0,4;0;0;0;0;0;0;1;0;0;0;0;0;0
40;Harvey Barnes;ENG;FW,MF;Newcastle United;28-125;1997;31;17;1679;18,7;5;0;5;5;0;0;1;0;0,27;0;0,27;0,27;0,27
41;Thierno Barry;FRA;FW;Everton;23-174;2002;32;19;1657;18,4;6;0;6;6;0;0;3;0;0,33;0;0,33;0,33;0,33
42;Calvin Bassey;NGA;DF;Fulham;26-103;1999;24;22;1994;22,2;1;0;1;1;0;0;5;0;0,05;0;0,05;0,05;0,05
43;Altay Bay?nd?r;TUR;GK;Manchester Utd;27-364;1998;6;6;540;6;0;0;0;0;0;0;0;0;0;0;0;0;0
44;Jean-Ricner Bellegarde;HAI;MF,FW;Wolves;27-290;1998;23;14;1146;12,7;1;1;2;1;0;0;5;0;0,08;0,08;0,16;0,08;0,16
45;Walter Benítez;ARG;GK;Crystal Palace;33-084;1993;1;1;90;1;0;0;0;0;0;0;0;0;0;0;0;0;0
46;Rodrigo Bentancur;URU;MF;Tottenham Hotspur;28-292;1997;20;17;1410;15,7;1;1;2;1;0;0;5;0;0,06;0,06;0,13;0,06;0,13
47;Sander Berge;NOR;MF;Fulham;28-058;1998;32;31;2680;29,8;0;1;1;0;0;0;5;0;0;0,03;0,03;0;0,03
48;Lucas Bergvall;SWE;MF;Tottenham Hotspur;20-070;2006;19;11;911;10,1;1;2;3;1;0;0;2;0;0,1;0,2;0,3;0,1;0,3
49;Beto;GNB;FW;Everton;28-072;1998;32;13;1285;14,3;7;1;8;7;0;0;2;0;0,49;0,07;0,56;0,49;0,56
50;Jaka Bijol;SVN;DF;Leeds United;27-067;1999;18;14;1308;14,5;1;1;2;1;0;0;3;0;0,07;0,07;0,14;0,07;0,14
51;Yves Bissouma;MLI;MF;Tottenham Hotspur;29-226;1996;8;5;462;5,1;0;0;0;0;0;0;3;0;0;0;0;0;0
52;Marco Bizot;NED;GK;Aston Villa;35-034;1991;6;5;495;5,5;0;0;0;0;0;0;2;0;0;0;0;0;0
53;Oscar Bobb;NOR;MF,FW;Manchester City;22-275;2003;9;5;468;5,2;0;1;1;0;0;0;1;0;0;0,19;0,19;0;0,19
54;Oscar Bobb;NOR;MF;Fulham;22-275;2003;8;4;341;3,8;0;0;0;0;0;0;0;0;0;0;0;0;0
55;Lamare Bogarde;NED;MF,DF;Aston Villa;22-098;2004;24;8;807;9;0;0;0;0;0;0;5;0;0;0;0;0;0
56;Jayden Bogle;ENG;DF,MF;Leeds United;25-260;2000;29;27;2402;26,7;1;1;2;1;0;0;6;0;0,04;0,04;0,07;0,04;0,07
57;Sebastiaan Bornauw;BEL;DF;Leeds United;27-022;1999;9;4;304;3,4;0;0;0;0;0;0;1;0;0;0;0;0;0
58;Olivier Boscagli;FRA;DF;Brighton;28-146;1997;9;6;532;5,9;0;1;1;0;0;0;2;0;0;0,17;0,17;0;0,17
59;Sven Botman;NED;DF;Newcastle United;26-091;2000;19;15;1295;14,4;1;1;2;1;0;0;1;0;0,07;0,07;0,14;0,07;0,14
60;Jarrod Bowen;ENG;MF,FW;West Ham United;29-114;1996;32;32;2867;31,9;8;8;16;7;1;1;4;0;0,25;0,25;0,5;0,22;0,47
61;Conor Bradley;NIR;DF;Liverpool;22-278;2003;15;12;929;10,3;0;1;1;0;0;0;5;0;0;0,1;0,1;0;0,1
62;Jarrad Branthwaite;ENG;DF;Everton;23-290;2002;9;6;594;6,6;1;0;1;1;0;0;1;0;0,15;0;0,15;0,15;0,15
63;Brian Brobbey;NED;FW;Sunderland;24-071;2002;25;16;1457;16,2;6;1;7;6;0;0;5;0;0,37;0,06;0,43;0,37;0,43
64;Armando Broja;ALB;FW;Burnley;24-215;2001;21;8;828;9,2;1;1;2;1;0;0;0;0;0,11;0,11;0,22;0,11;0,22
65;David Brooks;WAL;MF;Bournemouth;28-279;1997;26;12;1072;11,9;1;2;3;1;0;0;7;0;0,08;0,17;0,25;0,08;0,25
66;Jacob Bruun Larsen;DEN;MF,FW;Burnley;27-206;1998;24;10;996;11,1;0;1;1;0;0;0;0;0;0;0,09;0,09;0;0,09
67;Emi Buendía;ARG;MF;Aston Villa;29-109;1996;30;18;1464;16,3;5;2;7;5;0;0;6;0;0,31;0,12;0,43;0,31;0,43
68;Hugo Bueno;ESP;MF,DF;Wolves;23-207;2002;29;22;2042;22,7;1;1;2;1;0;0;1;0;0,04;0,04;0,09;0,04;0,09
69;Santiago Bueno;URU;DF;Wolves;27-155;1998;23;22;2013;22,4;2;1;3;2;0;0;4;0;0,09;0,04;0,13;0,09;0,13
70;Facundo Buonanotte;ARG;MF;Chelsea;21-111;2004;1;1;45;0,5;0;0;0;0;0;0;0;0;0;0;0;0;0
71;Facundo Buonanotte;ARG;MF;Leeds United;21-111;2004;2;0;26;0,3;0;0;0;0;0;0;1;0;0;0;0;0;0
72;Dan Burn;ENG;DF;Newcastle United;33-339;1992;23;21;1813;20,1;0;2;2;0;0;0;9;1;0;0,1;0,1;0;0,1
73;Bradley Burrowes;ENG;MF;Aston Villa;18-040;2008;1;0;17;0,2;0;0;0;0;0;0;0;0;0;0;0;0;0
74;Jun'ai Byfield;ENG;DF;Tottenham Hotspur;17-128;2008;1;0;1;0;0;0;0;0;0;0;0;0;0;0;0;0;0
75;Sam Byram;ENG;DF,MF;Leeds United;32-209;1993;1;0;8;0,1;0;0;0;0;0;0;0;0;0;0;0;0;0
76;Moisés Caicedo;ECU;MF;Chelsea;24-162;2001;27;26;2262;25,1;3;1;4;3;0;0;9;1;0,12;0,04;0,16;0,12;0,16
77;Tom Cairney;SCO;MF;Fulham;35-083;1991;20;4;562;6,2;1;0;1;1;0;0;3;0;0,16;0;0,16;0,16;0,16
78;Riccardo Calafiori;ITA;DF;Arsenal;23-329;2002;22;18;1448;16,1;1;2;3;1;0;0;5;0;0,06;0,12;0,19;0,06;0,19
79;Dominic Calvert-Lewin;ENG;FW;Leeds United;29-028;1997;28;23;2115;23,5;10;1;11;8;2;3;1;0;0,43;0,04;0,47;0,34;0,38
80;Jaydee Canvot;FRA;DF;Crystal Palace;19-258;2006;14;8;796;8,8;0;0;0;0;0;0;2;0;0;0;0;0;0
81;Fabio Carvalho;POR;MF;Brentford;23-226;2002;6;1;102;1,1;1;0;1;1;0;0;0;0;0,88;0;0,88;0,88;0,88
82;Casemiro;BRA;MF;Manchester Utd;34-049;1992;29;28;2131;23,7;7;2;9;7;0;0;10;1;0,3;0,08;0,38;0,3;0,38
83;Matty Cash;POL;DF;Aston Villa;28-249;1997;29;29;2530;28,1;3;2;5;3;0;0;8;0;0,11;0,07;0,18;0,11;0,18
84;Timothy Castagne;BEL;DF,MF;Fulham;30-129;1995;24;14;1313;14,6;0;0;0;0;0;0;3;0;0;0;0;0;0
85;Valentín Castellanos;ARG;FW;West Ham United;27-192;1998;12;12;941;10,5;4;0;4;4;0;0;3;0;0,38;0;0,38;0,38;0,38
86;Trevoh Chalobah;ENG;DF;Chelsea;26-282;1999;29;29;2550;28,3;3;0;3;3;0;0;3;1;0,11;0;0,11;0,11;0,11
87;Rayan Cherki;FRA;MF;Manchester City;22-239;2003;26;15;1383;15,4;3;10;13;3;0;0;1;0;0,2;0,65;0,85;0,2;0,85
88;Federico Chiesa;ITA;MF;Liverpool;28-170;1997;23;1;296;3,3;2;1;3;2;0;0;3;0;0,61;0,3;0,91;0,61;0,91
89;Tawanda Chirewa;ZIM;MF;Wolves;22-183;2003;2;0;27;0,3;0;0;0;0;0;0;0;0;0;0;0;0;0
90;Ryan Christie;SCO;MF;Bournemouth;31-050;1995;22;6;796;8,8;2;0;2;2;0;0;2;0;0,23;0;0,23;0,23;0,23
91;Samuel Chukwueze;NGA;MF;Fulham;26-326;1999;18;7;820;9,1;3;4;7;3;0;0;0;0;0,33;0,44;0,77;0,33;0,77
92;Dennis Cirkin;LVA;DF;Sunderland;24-007;2002;7;3;304;3,4;0;0;0;0;0;0;1;0;0;0;0;0;0
93;Nathaniel Clyne;ENG;MF;Crystal Palace;35-008;1991;8;6;495;5,5;0;1;1;0;0;0;1;0;0;0,18;0,18;0;0,18
94;Séamus Coleman;IRL;DF;Everton;37-184;1988;3;1;11;0,1;0;0;0;0;0;0;0;0;0;0;0;0;0
95;Nathan Collins;IRL;DF;Brentford;24-348;2001;29;26;2435;27,1;1;2;3;1;0;0;5;0;0,04;0,07;0,11;0,04;0,11
96;Lewis Cook;ENG;MF,DF;Bournemouth;29-069;1997;16;8;872;9,7;0;1;1;0;0;0;1;1;0;0,1;0,1;0;0,1
97;Diego Coppola;ITA;DF;Brighton;22-106;2003;5;2;194;2,2;0;0;0;0;0;0;2;0;0;0;0;0;0
98;Marc Cucurella;ESP;DF;Chelsea;27-265;1998;28;25;2167;24,1;1;3;4;1;0;0;6;1;0,04;0,12;0,17;0,04;0,17
99;Jorge Cuenca;ESP;DF;Fulham;26-147;1999;14;11;933;10,4;0;0;0;0;0;0;5;0;0;0;0;0;0
100;Josh Cullen;IRL;MF;Burnley;30-006;1996;18;18;1514;16,8;2;2;4;2;0;0;2;0;0,12;0,12;0,24;0,12;0,24
101;Jair Cunha;BRA;DF;Nottingham Forest;21-037;2005;3;2;215;2,4;0;0;0;0;0;0;0;0;0;0;0;0;0
102;Matheus Cunha;BRA;MF,FW;Manchester Utd;26-321;1999;28;24;2069;23;7;2;9;7;0;0;1;0;0,3;0,09;0,39;0,3;0,39
103;Diogo Dalot;POR;MF,DF;Manchester Utd;27-026;1999;29;25;2233;24,8;1;3;4;1;0;0;5;0;0,04;0,12;0,16;0,04;0,16
104;Mikkel Damsgaard;DEN;MF;Brentford;25-284;2000;27;19;1620;18;3;4;7;3;0;0;0;0;0,17;0,22;0,39;0,17;0,39
105;Kevin Danso;AUT;DF;Tottenham Hotspur;27-206;1998;18;11;954;10,6;0;0;0;0;0;0;4;0;0;0;0;0;0
106;Karl Darlow;WAL;GK;Leeds United;35-187;1990;15;15;1350;15;0;0;0;0;0;0;1;0;0;0;0;0;0
107;Ben Davies;WAL;DF;Tottenham Hotspur;32-354;1993;3;2;137;1,5;1;0;1;1;0;0;1;0;0,66;0;0,66;0,66;0,66
108;Maxim De Cuyper;BEL;DF,MF;Brighton;25-112;2000;24;14;1152;12,8;2;0;2;2;0;0;2;0;0,16;0;0,16;0,16;0,16
109;Liam Delap;ENG;FW;Chelsea;23-064;2003;23;9;806;9;1;0;1;1;0;0;2;0;0,11;0;0,11;0,11;0,11
110;Sepp van den Berg;NED;DF;Brentford;24-114;2001;27;26;2394;26,6;0;1;1;0;0;0;1;0;0;0,04;0,04;0;0,04
111;Justin Devenny;NIR;MF,FW;Crystal Palace;22-184;2003;18;5;603;6,7;1;0;1;0;1;1;0;0;0,15;0;0,15;0;0
112;Kiernan Dewsbury-Hall;ENG;MF;Everton;27-219;1998;25;24;2095;23,3;7;3;10;7;0;0;6;0;0,3;0,13;0,43;0,3;0,43
113;Bafodé Diakité;FRA;DF;Bournemouth;25-097;2001;18;15;1277;14,2;0;0;0;0;0;0;1;0;0;0;0;0;0
114;Amad Diallo;CIV;MF;Manchester Utd;23-276;2002;25;22;1917;21,3;2;2;4;2;0;0;2;0;0,09;0,09;0,19;0,09;0,19
115;Habib Diarra;SEN;MF;Sunderland;22-100;2004;15;13;1188;13,2;2;1;3;1;1;1;4;0;0,15;0,08;0,23;0,08;0,15
116;Rúben Dias;POR;DF;Manchester City;28-334;1997;25;23;2051;22,8;2;0;2;2;0;0;3;0;0,09;0;0,09;0,09;0,09
117;Tyler Dibling;ENG;MF;Everton;20-032;2006;14;4;358;4;0;0;0;0;0;0;2;0;0;0;0;0;0
118;Lucas Digne;FRA;DF;Aston Villa;32-267;1993;27;19;1634;18,2;0;4;4;0;0;0;3;0;0;0,22;0,22;0;0,22
119;Issa Diop;MAR;DF;Fulham;29-094;1997;10;6;596;6,6;0;0;0;0;0;0;2;0;0;0;0;0;0
120;El Hadji Malick Diouf;SEN;DF,MF;West Ham United;21-106;2004;26;24;2184;24,3;0;5;5;0;0;0;4;0;0;0,21;0,21;0;0,21
121;Axel Disasi;FRA;DF;West Ham United;28-033;1998;8;8;720;8;0;0;0;0;0;0;0;0;0;0;0;0;0
122;Matt Doherty;IRL;DF,MF;Wolves;34-087;1992;10;10;702;7,8;0;0;0;0;0;0;4;0;0;0;0;0;0
123;Jeremy Doku;BEL;MF,FW;Manchester City;23-321;2002;23;14;1306;14,5;2;4;6;2;0;0;0;0;0,14;0,28;0,41;0,14;0,41
124;Nicolás Domínguez;ARG;MF;Nottingham Forest;27-289;1998;21;14;942;10,5;1;0;1;1;0;0;2;0;0,1;0;0,1;0,1;0,1
125;Gianluigi Donnarumma;ITA;GK;Manchester City;27-047;1999;28;28;2520;28;0;0;0;0;0;0;6;0;0;0;0;0;0
126;Romelle Donovan;ENG;FW;Brentford;19-134;2006;4;0;41;0,5;0;0;0;0;0;0;0;0;0;0;0;0;0
127;Patrick Dorgu;DEN;MF;Manchester Utd;21-169;2004;22;14;1335;14,8;3;3;6;3;0;0;5;0;0,2;0,2;0,4;0,2;0,4
128;Max Dowman;ENG;MF;Arsenal;16-103;2009;4;0;83;0,9;1;0;1;1;0;0;0;0;1,08;0;1,08;1,08;1,08
129;Radu Dr?gu?in;ROU;DF;Tottenham Hotspur;24-069;2002;8;5;515;5,7;0;0;0;0;0;0;0;0;0;0;0;0;0
130;Joél Drakes-Thomas;ENG;MF;Crystal Palace;16-308;2009;2;0;9;0,1;0;0;0;0;0;0;0;0;0;0;0;0;0
131;Martin Dúbravka;SVK;GK;Burnley;37-088;1989;32;32;2880;32;0;0;0;0;0;0;1;0;0;0;0;0;0
132;Lewis Dunk;ENG;DF;Brighton;34-143;1991;29;28;2565;28,5;0;0;0;0;0;0;10;0;0;0;0;0;0
133;George Earthy;ENG;MF;West Ham United;21-220;2004;1;0;9;0,1;0;0;0;0;0;0;0;0;0;0;0;0;0
134;Odsonne Édouard;FRA;FW;Crystal Palace;28-087;1998;1;0;3;0;0;0;0;0;0;0;0;0;0;0;0;0;0
135;Tom Edozie;ENG;MF;Wolves;19-330;2006;2;0;13;0,1;1;0;1;1;0;0;0;0;6,92;0;6,92;6,92;6,92
136;Alysson Edward;BRA;MF;Aston Villa;19-343;2006;3;0;49;0,5;0;0;0;0;0;0;0;0;0;0;0;0;0
137;Marcus Edwards;ENG;MF,FW;Burnley;27-131;1998;20;10;984;10,9;1;3;4;1;0;0;0;0;0,09;0,27;0,37;0,09;0,37
138;Hjalmar Ekdal;SWE;DF;Burnley;27-174;1998;16;14;1269;14,1;0;0;0;0;0;0;0;0;0;0;0;0;0
139;Hugo Ekitike;FRA;FW;Liverpool;23-297;2002;28;21;1803;20;11;4;15;11;0;0;0;0;0,55;0,2;0,75;0,55;0,75
140;Anthony Elanga;SWE;FW,MF;Newcastle United;23-351;2002;28;13;1222;13,6;0;1;1;0;0;0;0;0;0;0,07;0,07;0;0,07
141;Melker Ellborg;SWE;GK;Sunderland;22-326;2003;3;3;270;3;0;0;0;0;0;0;0;0;0;0;0;0;0
142;Harvey Elliott;ENG;MF;Aston Villa;23-009;2003;4;1;112;1,2;0;0;0;0;0;0;0;0;0;0;0;0;0
143;Harvey Elliott;ENG;FW,MF;Liverpool;23-009;2003;1;0;1;0;0;0;0;0;0;0;0;0;0;0;0;0;0
144;Wataru Endo;JPN;DF;Liverpool;33-063;1993;8;1;175;1,9;0;1;1;0;0;0;1;0;0;0,51;0,51;0;0,51
145;Romain Esse;ENG;MF;Crystal Palace;20-335;2005;4;0;44;0,5;0;0;0;0;0;0;0;0;0;0;0;0;0
146;Dario Essugo;POR;MF;Chelsea;21-030;2005;1;0;9;0,1;0;0;0;0;0;0;1;0;0;0;0;0;0
147;Maxime Estčve;FRA;DF;Burnley;23-322;2002;29;29;2491;27,7;0;0;0;0;0;0;1;0;0;0;0;0;0
148;Evanilson;BRA;FW;Bournemouth;26-189;1999;30;26;2283;25,4;6;1;7;6;0;0;1;0;0,24;0,04;0,28;0,24;0,28
149;Eberechi Eze;ENG;MF,FW;Arsenal;27-288;1998;26;16;1456;16,2;6;2;8;6;0;0;1;0;0,37;0,12;0,49;0,37;0,49
150;Eberechi Eze;ENG;MF;Crystal Palace;27-288;1998;1;1;83;0,9;0;0;0;0;0;0;0;0;0;0;0;0;0
151;Bruno Fernandes;POR;MF;Manchester Utd;31-217;1994;28;28;2434;27;8;16;24;4;4;6;3;0;0,3;0,59;0,89;0,15;0,74
152;Mateus Fernandes;POR;MF;West Ham United;21-277;2004;30;29;2476;27,5;3;3;6;3;0;0;7;0;0,11;0,11;0,22;0,11;0,22
153;Enzo Fernández;ARG;MF;Chelsea;25-086;2001;30;29;2578;28,6;8;3;11;6;2;2;8;0;0,28;0,1;0,38;0,21;0,31
154;Zian Flemming;NED;FW;Burnley;27-255;1998;23;15;1279;14,2;8;0;8;6;2;2;3;0;0,56;0;0,56;0,42;0,42
155;Jack Fletcher;ENG;MF;Manchester Utd;19-025;2007;3;0;108;1,2;0;0;0;0;0;0;0;0;0;0;0;0;0
156;Tyler Fletcher;SCO;MF;Manchester Utd;19-025;2007;1;0;1;0;0;0;0;0;0;0;0;0;0;0;0;0;0
157;Phil Foden;ENG;MF;Manchester City;25-320;2000;27;21;1826;20,3;7;3;10;7;0;0;4;0;0,35;0,15;0,49;0,35;0,49
158;Wesley Fofana;FRA;DF;Chelsea;25-117;2000;20;15;1366;15,2;0;1;1;0;0;0;6;1;0;0,07;0,07;0;0,07
159;Lyle Foster;RSA;FW,MF;Burnley;25-222;2000;23;15;1303;14,5;3;2;5;3;0;0;4;0;0,21;0,14;0,35;0,21;0,35
160;Tyler Fredricson;ENG;DF;Manchester Utd;21-049;2005;1;0;3;0;0;0;0;0;0;0;0;0;0;0;0;0;0
161;Jeremie Frimpong;NED;DF,MF;Liverpool;25-124;2000;16;10;820;9,1;0;1;1;0;0;0;1;0;0;0,11;0,11;0;0,11
162;Niclas Füllkrug;GER;FW;West Ham United;33-063;1993;8;5;409;4,5;0;0;0;0;0;0;0;0;0;0;0;0;0
163;Cody Gakpo;NED;MF,FW;Liverpool;26-341;1999;30;26;2235;24,8;6;4;10;6;0;0;2;0;0,24;0,16;0,4;0,24;0,4
164;Conor Gallagher;ENG;MF;Tottenham Hotspur;26-066;2000;10;8;669;7,4;0;1;1;0;0;0;0;0;0;0,13;0,13;0;0,13
165;Idrissa Gana Gueye;SEN;MF;Everton;36-199;1989;23;23;1918;21,3;2;3;5;2;0;0;1;1;0,09;0,14;0,23;0,09;0,23
166;Ben Gannon-Doak;SCO;MF;Bournemouth;20-153;2005;5;0;61;0,7;0;1;1;0;0;0;0;0;0;1,48;1,48;0;1,48
167;Andrés García;ESP;DF;Aston Villa;23-065;2003;5;0;41;0,5;0;0;0;0;0;0;0;0;0;0;0;0;0
168;Alejandro Garnacho;ARG;MF;Chelsea;21-286;2004;21;14;1146;12,7;1;4;5;1;0;0;2;0;0,08;0,31;0,39;0,08;0,39
169;James Garner;ENG;MF,DF;Everton;25-031;2001;32;32;2873;31,9;2;6;8;2;0;0;8;0;0,06;0,19;0,25;0,06;0,25
170;Lutsharel Geertruida;NED;DF,MF;Sunderland;25-269;2000;25;14;1423;15,8;0;0;0;0;0;0;1;0;0;0;0;0;0
171;Tyrique George;ENG;FW;Chelsea;20-068;2006;4;0;145;1,6;0;0;0;0;0;0;2;0;0;0;0;0;0
172;Tyrique George;ENG;MF;Everton;20-068;2006;6;1;123;1,4;0;0;0;0;0;0;0;0;0;0;0;0;0
173;Morgan Gibbs-White;ENG;MF;Nottingham Forest;26-076;2000;32;31;2720;30,2;9;2;11;8;1;1;1;0;0,3;0,07;0,36;0,26;0,33
174;Jamie Gittens;ENG;MF;Chelsea;21-248;2004;16;5;495;5,5;0;2;2;0;0;0;0;0;0;0,36;0,36;0;0,36
175;Wilfried Gnonto;ITA;FW;Leeds United;22-159;2003;16;4;387;4,3;0;1;1;0;0;0;3;0;0;0,23;0,23;0;0,23
176;Angel Gomes;ENG;MF,FW;Wolves;25-225;2000;8;5;344;3,8;0;0;0;0;0;0;1;0;0;0;0;0;0
177;Joăo Gomes;BRA;MF;Wolves;25-060;2001;30;27;2381;26,5;1;1;2;1;0;0;9;0;0,04;0,04;0,08;0,04;0,08
178;Rodrigo Gomes;POR;MF,FW;Wolves;22-280;2003;16;6;632;7;3;0;3;3;0;0;0;0;0,43;0;0,43;0,43;0,43
179;Toti Gomes;POR;DF;Wolves;27-087;1999;14;13;1039;11,5;0;0;0;0;0;0;2;1;0;0;0;0;0
180;Diego Gómez;PAR;MF,FW;Brighton;23-017;2003;29;24;2017;22,4;5;1;6;5;0;0;9;0;0,22;0,04;0,27;0,22;0,27
181;Joe Gomez;ENG;DF;Liverpool;28-325;1997;17;6;522;5,8;0;2;2;0;0;0;2;0;0;0,34;0,34;0;0,34
182;Nicolás González;ESP;MF;Manchester City;24-100;2002;21;15;1376;15,3;1;0;1;1;0;0;6;0;0,07;0;0,07;0,07;0,07
183;Anthony Gordon;ENG;FW;Newcastle United;25-048;2001;26;24;1795;19,9;6;2;8;3;3;3;3;1;0,3;0,1;0,4;0,15;0,25
184;Ryan Gravenberch;NED;MF;Liverpool;23-332;2002;30;29;2563;28,5;4;3;7;4;0;0;5;0;0,14;0,11;0,25;0,14;0,25
185;Archie Gray;ENG;MF,DF;Tottenham Hotspur;20-032;2006;22;18;1435;15,9;2;2;4;2;0;0;5;0;0,13;0,13;0,25;0,13;0,25
186;Jack Grealish;ENG;MF;Everton;30-215;1995;20;18;1627;18,1;2;6;8;2;0;0;5;1;0,11;0,33;0,44;0,11;0,44
187;Pascal Groß;GER;MF;Brighton;34-302;1991;13;12;1096;12,2;1;2;3;1;0;0;2;0;0,08;0,16;0,25;0,08;0,25
188;Brajan Gruda;GER;MF;Brighton;21-317;2004;18;8;719;8;1;1;2;1;0;0;2;0;0,13;0,13;0,25;0,13;0,25
189;Ilia Gruev;BUL;MF;Leeds United;25-342;2000;21;15;1293;14,4;0;3;3;0;0;0;3;0;0;0,21;0,21;0;0,21
190;Gabriel Gudmundsson;SWE;DF,MF;Leeds United;26-349;1999;29;28;2362;26,2;0;0;0;0;0;0;6;1;0;0;0;0;0
191;Marc Guéhi;ENG;DF;Crystal Palace;25-274;2000;20;20;1800;20;2;2;4;2;0;0;4;0;0,1;0,1;0,2;0,1;0,2
192;Marc Guéhi;ENG;DF;Manchester City;25-274;2000;9;9;810;9;1;0;1;1;0;0;1;0;0,11;0;0,11;0,11;0,11
193;Evann Guessand;CIV;MF;Aston Villa;24-286;2001;13;6;588;6,5;0;1;1;0;0;0;0;0;0;0,15;0,15;0;0,15
194;Evann Guessand;CIV;MF;Crystal Palace;24-286;2001;6;3;300;3,3;1;1;2;1;0;0;0;0;0,3;0,3;0,6;0,3;0,6
195;Luis Guilherme;BRA;FW;West Ham United;20-063;2006;5;1;125;1,4;0;0;0;0;0;0;0;0;0;0;0;0;0
196;Bruno Guimarăes;BRA;MF;Newcastle United;28-148;1997;23;22;2017;22,4;9;4;13;7;2;2;5;0;0,4;0,18;0,58;0,31;0,49
197;Marc Guiu;ESP;FW;Sunderland;20-099;2006;2;0;15;0,2;0;0;0;0;0;0;0;0;0;0;0;0;0
198;Marc Guiu;ESP;FW;Chelsea;20-099;2006;7;1;238;2,6;0;1;1;0;0;0;1;0;0;0,38;0,38;0;0,38
199;Angus Gunn;SCO;GK;Nottingham Forest;30-081;1996;1;0;45;0,5;0;0;0;0;0;0;0;0;0;0;0;0;0
200;Malo Gusto;FRA;DF;Chelsea;22-329;2003;29;21;1828;20,3;2;3;5;2;0;0;4;1;0,1;0,15;0,25;0,1;0,25
201;Joško Gvardiol;CRO;DF;Manchester City;24-080;2002;16;15;1302;14,5;2;2;4;2;0;0;2;0;0,14;0,14;0,28;0,14;0,28
202;Viktor Gyökeres;SWE;FW;Arsenal;27-313;1998;30;24;1982;22;12;0;12;9;3;3;5;0;0,54;0;0,54;0,41;0,41
203;Erling Haaland;NOR;FW;Manchester City;25-266;2000;30;29;2503;27,8;22;7;29;19;3;4;1;0;0,79;0,25;1,04;0,68;0,93
204;Lewis Hall;ENG;DF;Newcastle United;21-217;2004;25;20;1843;20,5;1;1;2;1;0;0;3;0;0,05;0,05;0,1;0,05;0,1
205;Jack Harrison;ENG;FW;Leeds United;29-144;1996;11;1;269;3;0;0;0;0;0;0;0;0;0;0;0;0;0
206;Quilindschy Hartman;NED;DF;Burnley;24-150;2001;18;18;1581;17,6;0;4;4;0;0;0;1;0;0;0,23;0,23;0;0,23
207;Jorrel Hato;NED;DF;Chelsea;20-037;2006;17;7;737;8,2;0;0;0;0;0;0;4;0;0;0;0;0;0
208;Kai Havertz;GER;MF,FW;Arsenal;26-306;1999;7;4;317;3,5;0;1;1;0;0;0;0;0;0;0,28;0,28;0;0,28
209;Ayden Heaven;ENG;DF;Manchester Utd;19-203;2006;14;8;654;7,3;0;1;1;0;0;0;2;0;0;0,14;0,14;0;0,14
210;Jan Paul van Hecke;NED;DF;Brighton;25-309;2000;30;30;2670;29,7;3;2;5;3;0;0;8;0;0,1;0,07;0,17;0,1;0,17
211;Hwang Hee-chan;KOR;FW,MF;Wolves;30-077;1996;21;15;1169;13;2;1;3;1;1;1;3;0;0,15;0,08;0,23;0,08;0,15
212;George Hemmings;ENG;MF;Aston Villa;19-040;2007;2;0;27;0,3;0;0;0;0;0;0;0;0;0;0;0;0;0
213;Dean Henderson;ENG;GK;Crystal Palace;29-032;1997;30;30;2700;30;0;0;0;0;0;0;3;0;0;0;0;0;0
214;Jordan Henderson;ENG;MF;Brentford;35-300;1990;29;21;1820;20,2;1;3;4;1;0;0;4;0;0,05;0,15;0,2;0,05;0,2
215;Rico Henry;JAM;DF;Brentford;28-279;1997;25;14;1328;14,8;0;1;1;0;0;0;2;0;0;0,07;0,07;0;0,07
216;Mads Hermansen;DEN;GK;West Ham United;25-276;2000;12;12;1080;12;0;0;0;0;0;0;0;0;0;0;0;0;0
217;Aaron Hickey;SCO;DF;Brentford;23-307;2002;18;7;599;6,7;0;0;0;0;0;0;1;0;0;0;0;0;0
218;James Hill;ENG;DF;Bournemouth;24-093;2002;23;16;1566;17,4;0;3;3;0;0;0;3;0;0;0,17;0,17;0;0,17
219;Piero Hincapié;ECU;DF;Arsenal;24-094;2002;21;17;1503;16,7;1;2;3;1;0;0;2;0;0,06;0,12;0,18;0,06;0,18
220;Jack Hinshelwood;ENG;MF;Brighton;21-002;2005;21;14;1250;13,9;1;3;4;1;0;0;0;0;0,07;0,22;0,29;0,07;0,29
221;Ki-Jana Hoever;NED;MF,DF;Wolves;24-085;2002;8;6;425;4,7;0;0;0;0;0;0;0;0;0;0;0;0;0
222;Harry Howell;ENG;MF;Brighton;17-358;2008;3;1;94;1;0;0;0;0;0;0;0;0;0;0;0;0;0
223;Callum Hudson-Odoi;ENG;MF;Nottingham Forest;25-157;2000;30;21;1841;20,5;3;4;7;3;0;0;0;0;0,15;0,2;0,34;0,15;0,34
224;Will Hughes;ENG;MF;Crystal Palace;30-361;1995;28;16;1364;15,2;0;0;0;0;0;0;7;0;0;0;0;0;0
225;Trai Hume;NIR;DF,MF;Sunderland;24-026;2002;32;29;2590;28,8;0;1;1;0;0;0;9;0;0;0,03;0,03;0;0,03
226;Bashir Humphreys;ENG;DF,MF;Burnley;23-029;2003;16;14;1323;14,7;0;0;0;0;0;0;5;0;0;0;0;0;0
227;Omari Hutchinson;ENG;MF;Nottingham Forest;22-165;2003;25;13;1351;15;1;3;4;1;0;0;1;0;0,07;0,2;0,27;0,07;0,27
228;Igor;BRA;DF;West Ham United;28-065;1998;4;1;105;1,2;0;0;0;0;0;0;0;0;0;0;0;0;0
229;Tim Iroegbunam;ENG;MF;Everton;22-287;2003;24;13;1127;12,5;0;2;2;0;0;0;8;0;0;0,16;0,16;0;0,16
230;Andy Irving;SCO;MF;West Ham United;25-335;2000;7;2;158;1,8;0;0;0;0;0;0;0;0;0;0;0;0;0
231;Alexander Isak;SWE;FW;Liverpool;26-204;1999;11;6;526;5,8;2;1;3;2;0;0;0;0;0,34;0,17;0,51;0,34;0,51
232;Wilson Isidor;HAI;FW;Sunderland;25-229;2000;27;11;1069;11,9;4;0;4;4;0;0;1;0;0,34;0;0,34;0,34;0,34
233;Alex Iwobi;NGA;MF;Fulham;29-345;1996;26;26;2221;24,7;4;3;7;4;0;0;3;0;0,16;0,12;0,28;0,16;0,28
234;Daniel James;WAL;FW;Leeds United;28-154;1997;15;4;416;4,6;0;0;0;0;0;0;0;0;0;0;0;0;0
235;Reece James;ENG;DF,MF;Chelsea;26-126;1999;27;20;1896;21,1;2;4;6;2;0;0;4;0;0,09;0,19;0,28;0,09;0,28
236;Vitaly Janelt;GER;MF;Brentford;27-338;1998;22;13;1261;14;1;4;5;1;0;0;7;0;0,07;0,29;0,36;0,07;0,36
237;Mathias Jensen;DEN;MF;Brentford;30-102;1996;30;20;1743;19,4;2;1;3;2;0;0;3;0;0,1;0,05;0,15;0,1;0,15
238;Gabriel Jesus;BRA;FW;Arsenal;29-010;1997;12;2;328;3,6;2;0;2;2;0;0;2;0;0,55;0;0,55;0,55;0,55
239;Igor Jesus;BRA;FW;Nottingham Forest;25-047;2001;31;23;1887;21;3;3;6;3;0;0;0;0;0,14;0,14;0,29;0,14;0,29
240;Álex Jiménez;ESP;DF,MF;Bournemouth;20-340;2005;28;23;2047;22,7;1;0;1;1;0;0;9;0;0,04;0;0,04;0,04;0,04
241;Raúl Jiménez;MEX;FW;Fulham;34-343;1991;31;25;1985;22,1;9;3;12;5;4;4;5;0;0,41;0,14;0,54;0,23;0,36
242;Jamaldeen Jimoh;ENG;MF;Aston Villa;19-193;2006;1;0;9;0,1;0;0;0;0;0;0;0;0;0;0;0;0;0
243;Joăo Pedro;BRA;FW,MF;Chelsea;24-199;2001;32;28;2391;26,6;14;5;19;14;0;0;4;0;0,53;0,19;0,72;0,53;0,72
244;Joelinton;BRA;MF;Newcastle United;29-242;1996;25;21;1771;19,7;2;1;3;2;0;0;10;0;0,1;0,05;0,15;0,1;0,15
245;John;BRA;GK;Nottingham Forest;30-059;1996;5;5;437;4,9;0;0;0;0;0;0;1;0;0;0;0;0;0
246;Brennan Johnson;WAL;MF,FW;Tottenham Hotspur;24-325;2001;16;6;610;6,8;2;0;2;2;0;0;2;0;0,3;0;0,3;0,3;0,3
247;Brennan Johnson;WAL;MF,FW;Crystal Palace;24-325;2001;12;8;689;7,7;0;1;1;0;0;0;3;0;0;0,13;0,13;0;0,13
248;Sam Johnstone;ENG;GK;Wolves;33-019;1993;12;12;1080;12;0;0;0;0;0;0;0;0;0;0;0;0;0
249;Curtis Jones;ENG;MF;Liverpool;25-073;2001;28;12;1401;15,6;0;1;1;0;0;0;1;0;0;0,06;0,06;0;0,06
250;Eli Junior Kroupi;FRA;MF,FW;Bournemouth;19-294;2006;27;15;1242;13,8;10;0;10;9;1;1;4;0;0,72;0;0,72;0,65;0,65
251;Hamed Junior Traorč;CIV;MF;Bournemouth;26-056;2000;1;0;17;0,2;0;1;1;0;0;0;0;0;0;5,29;5,29;0;5,29
252;James Justin;ENG;DF,MF;Leeds United;28-049;1998;22;14;1271;14,1;1;1;2;1;0;0;2;0;0,07;0,07;0,14;0,07;0,14
253;Filip Jřrgensen;DEN;GK;Chelsea;23-362;2002;3;2;264;2,9;0;0;0;0;0;0;0;0;0;0;0;0;0
254;Ferdi Kadioglu;TUR;DF,MF;Brighton;26-188;1999;31;28;2593;28,8;0;0;0;0;0;0;6;0;0;0;0;0;0
255;Sasa Kalajdzic;AUT;FW,MF;Wolves;28-280;1997;1;0;15;0,2;0;0;0;0;0;0;0;0;0;0;0;0;0
256;Arnaud Kalimuendo;FRA;FW;Nottingham Forest;24-083;2002;9;0;96;1,1;0;0;0;0;0;0;0;0;0;0;0;0;0
257;Daichi Kamada;JPN;MF;Crystal Palace;29-251;1996;21;17;1494;16,6;0;0;0;0;0;0;2;0;0;0;0;0;0
258;Boubacar Kamara;FRA;MF;Aston Villa;26-141;1999;18;17;1411;15,7;1;3;4;1;0;0;5;0;0,06;0,19;0,26;0,06;0,26
259;Mohamadou Kanté;FRA;MF;West Ham United;20-205;2005;8;0;37;0,4;0;0;0;0;0;0;1;0;0;0;0;0;0
260;Michael Kayode;ITA;DF;Brentford;21-277;2004;31;31;2718;30,2;1;1;2;1;0;0;6;0;0,03;0,03;0,07;0,03;0,07
261;Michael Keane;ENG;DF;Everton;33-092;1993;27;24;2137;23,7;3;0;3;3;0;0;0;1;0,13;0;0,13;0,13;0,13
262;Caoimhín Kelleher;IRL;GK;Brentford;27-141;1998;31;31;2790;31;0;0;0;0;0;0;1;0;0;0;0;0;0
263;Milos Kerkez;HUN;DF;Liverpool;22-157;2003;28;25;2029;22,5;2;1;3;2;0;0;4;0;0,09;0,04;0,13;0,09;0,13
264;Kevin;BRA;MF;Fulham;23-099;2003;23;8;908;10,1;1;1;2;1;0;0;1;0;0,1;0,1;0,2;0,1;0,2
265;Abdukodir Khusanov;UZB;DF;Manchester City;22-043;2004;16;10;982;10,9;0;0;0;0;0;0;2;0;0;0;0;0;0
266;Max Kilman;ENG;DF;West Ham United;28-325;1997;21;17;1561;17,3;0;0;0;0;0;0;4;0;0;0;0;0;0
267;Joshua King;ENG;MF;Fulham;19-100;2007;26;15;1184;13,2;1;2;3;1;0;0;3;0;0,08;0,15;0,23;0,08;0,23
268;Antonín Kinský;CZE;GK;Tottenham Hotspur;23-031;2003;1;1;90;1;0;0;0;0;0;0;0;0;0;0;0;0;0
269;Justin Kluivert;NED;MF;Bournemouth;26-343;1999;18;10;919;10,2;2;0;2;2;0;0;4;0;0,2;0;0,2;0,2;0,2
270;Joe Knight;ENG;MF;Brighton;20-204;2005;1;0;1;0;0;0;0;0;0;0;0;0;0;0;0;0;0
271;Randal Kolo Muani;FRA;FW,MF;Tottenham Hotspur;27-129;1998;24;16;1321;14,7;1;1;2;1;0;0;2;0;0,07;0,07;0,14;0,07;0,14
272;Ibrahima Konaté;FRA;DF;Liverpool;26-323;1999;30;30;2570;28,6;1;0;1;1;0;0;6;0;0,04;0;0,04;0,04;0,04
273;Ezri Konsa;ENG;DF;Aston Villa;28-172;1997;30;30;2675;29,7;0;0;0;0;0;0;0;1;0;0;0;0;0
274;Charalampos Kostoulas;GRE;FW;Brighton;18-318;2007;16;2;305;3,4;2;1;3;2;0;0;2;0;0,59;0,3;0,89;0,59;0,89
275;Mateo Kova?i?;CRO;MF;Manchester City;31-342;1994;2;0;15;0,2;0;0;0;0;0;0;0;0;0;0;0;0;0
276;Emil Krafth;SWE;DF;Newcastle United;31-254;1994;1;1;45;0,5;0;0;0;0;0;0;0;0;0;0;0;0;0
277;Ladislav Krej?í;CZE;DF,MF;Wolves;26-358;1999;25;24;2127;23,6;2;1;3;2;0;0;5;1;0,08;0,04;0,13;0,08;0,13
278;Mohammed Kudus;GHA;MF,FW;Tottenham Hotspur;25-254;2000;19;19;1535;17,1;2;5;7;2;0;0;3;0;0,12;0,29;0,41;0,12;0,41
279;Jonah Kusi-Asare;SWE;FW;Fulham;18-283;2007;5;0;34;0,4;0;0;0;0;0;0;1;0;0;0;0;0;0
280;Shea Lacey;ENG;FW;Manchester Utd;18-364;2007;2;0;14;0,2;0;0;0;0;0;0;0;0;0;0;0;0;0
281;Maxence Lacroix;FRA;DF;Crystal Palace;26-007;2000;29;29;2575;28,6;1;2;3;1;0;0;3;1;0,03;0,07;0,1;0,03;0,1
282;Senne Lammens;BEL;GK;Manchester Utd;23-280;2002;25;25;2250;25;0;0;0;0;0;0;0;0;0;0;0;0;0
283;Jamaal Lascelles;ENG;DF;Newcastle United;32-153;1993;2;0;21;0,2;0;0;0;0;0;0;0;0;0;0;0;0;0
284;Josh Laurent;ENG;DF,MF;Burnley;30-342;1995;28;16;1585;17,6;1;0;1;1;0;0;7;1;0,06;0;0,06;0,06;0,06
285;Roméo Lavia;BEL;MF;Chelsea;22-097;2004;9;2;250;2,8;0;0;0;0;0;0;0;0;0;0;0;0;0
286;Enzo Le Fée;FRA;MF,FW;Sunderland;26-069;2000;30;27;2391;26,6;4;4;8;1;3;4;5;0;0,15;0,15;0,3;0,04;0,19
287;Bernd Leno;GER;GK;Fulham;34-040;1992;32;32;2880;32;0;0;0;0;0;0;3;0;0;0;0;0;0
288;Jefferson Lerma;COL;MF,DF;Crystal Palace;31-170;1994;25;14;1345;14,9;0;2;2;0;0;0;6;0;0;0,13;0,13;0;0,13
289;Rico Lewis;ENG;DF;Manchester City;21-143;2004;10;3;317;3,5;0;1;1;0;0;0;1;0;0;0,28;0,28;0;0,28
290;Keane Lewis-Potter;ENG;MF,DF;Brentford;25-050;2001;30;16;1435;15,9;3;2;5;3;0;0;1;0;0,19;0,13;0,31;0,19;0,31
291;Myles Lewis-Skelly;ENG;DF;Arsenal;19-199;2006;15;2;411;4,6;0;0;0;0;0;0;3;0;0;0;0;0;0
292;Matthijs de Ligt;NED;DF;Manchester Utd;26-244;1999;13;13;1170;13;1;0;1;1;0;0;0;0;0,08;0;0,08;0,08;0,08
293;Pedro Lima;BRA;DF;Wolves;19-286;2006;3;0;4;0;0;0;0;0;0;0;0;0;0;0;0;0;0
294;Victor Lindelöf;SWE;DF;Aston Villa;31-270;1994;13;7;668;7,4;0;1;1;0;0;0;0;0;0;0,13;0,13;0;0,13
295;Valentino Livramento;ENG;DF;Newcastle United;23-152;2002;16;13;1255;13,9;0;1;1;0;0;0;1;0;0;0,07;0,07;0;0,07
296;Sean Longstaff;ENG;MF;Leeds United;28-165;1997;17;10;947;10,5;1;2;3;1;0;0;2;0;0,1;0,19;0,29;0,1;0,29
297;Fer López;ESP;MF;Wolves;21-324;2004;9;2;235;2,6;0;1;1;0;0;0;1;0;0;0,38;0,38;0;0,38
298;Lucas;BRA;MF,DF;Burnley;25-020;2001;16;12;1113;12,4;0;0;0;0;0;0;0;1;0;0;0;0;0
299;Lorenzo Lucca;ITA;FW;Nottingham Forest;25-215;2000;3;1;121;1,3;1;0;1;1;0;0;0;0;0,74;0;0,74;0,74;0,74
300;Florentino Luís;POR;MF;Burnley;26-237;1999;25;21;1735;19,3;0;2;2;0;0;0;5;0;0;0,1;0,1;0;0,1
301;Douglas Luiz;BRA;MF;Aston Villa;27-339;1998;9;6;503;5,6;1;0;1;1;0;0;0;0;0,18;0;0,18;0,18;0,18
302;Douglas Luiz;BRA;MF;Nottingham Forest;27-339;1998;8;5;315;3,5;0;0;0;0;0;0;2;0;0;0;0;0;0
303;Saša Luki?;SRB;MF;Fulham;29-243;1996;21;15;1284;14,3;1;2;3;1;0;0;6;0;0,07;0,14;0,21;0,07;0,21
304;Ian Maatsen;NED;DF;Aston Villa;24-034;2002;25;13;1277;14,2;0;0;0;0;0;0;2;0;0;0;0;0;0
305;Alexis Mac Allister;ARG;MF;Liverpool;27-110;1998;31;26;2202;24,5;2;2;4;2;0;0;5;0;0,08;0,08;0,16;0,08;0,16
306;Noni Madueke;ENG;FW,MF;Arsenal;24-034;2002;21;13;948;10,5;2;1;3;2;0;0;0;0;0,19;0,09;0,28;0,19;0,28
307;Gabriel Magalhăes;BRA;DF;Arsenal;28-115;1997;26;25;2256;25,1;3;4;7;3;0;0;3;0;0,12;0,16;0,28;0,12;0,28
308;Soungoutou Magassa;FRA;MF;West Ham United;22-187;2003;21;11;978;10,9;1;0;1;1;0;0;4;0;0,09;0;0,09;0,09;0,09
309;Harry Maguire;ENG;DF;Manchester Utd;33-039;1993;18;14;1203;13,4;1;1;2;1;0;0;3;1;0,07;0,07;0,15;0,07;0,15
310;Kobbie Mainoo;ENG;MF;Manchester Utd;20-359;2005;22;10;1122;12,5;0;2;2;0;0;0;0;0;0;0,16;0,16;0;0,16
311;Tyrell Malacia;NED;DF;Manchester Utd;26-239;1999;2;0;9;0,1;0;0;0;0;0;0;0;0;0;0;0;0;0
312;Donyell Malen;NED;FW,MF;Aston Villa;27-094;1999;21;5;656;7,3;4;1;5;4;0;0;0;0;0,55;0,14;0,69;0,55;0,69
313;Giorgi Mamardashvili;GEO;GK;Liverpool;25-196;2000;7;7;630;7;0;0;0;0;0;0;0;0;0;0;0;0;0
314;Reinildo Mandava;MOZ;DF;Sunderland;32-082;1994;19;18;1518;16,9;0;1;1;0;0;0;7;1;0;0,06;0,06;0;0,06
315;Mateus Mane;POR;MF;Wolves;18-209;2007;21;14;1316;14,6;2;1;3;2;0;0;0;0;0,14;0,07;0,21;0,14;0,21
316;Bendito Mantato;ENG;MF;Manchester Utd;18-078;2008;1;0;16;0,2;0;0;0;0;0;0;0;0;0;0;0;0;0
317;Solly March;ENG;MF;Brighton;31-267;1994;1;0;5;0,1;0;0;0;0;0;0;0;0;0;0;0;0;0
318;Omar Marmoush;EGY;FW,MF;Manchester City;27-065;1999;17;7;572;6,4;1;3;4;1;0;0;2;0;0,16;0,47;0,63;0,16;0,63
319;Callum Marshall;NIR;FW;West Ham United;21-136;2004;2;0;60;0,7;0;0;0;0;0;0;0;0;0;0;0;0;0
320;Gabriel Martinelli;BRA;FW,MF;Arsenal;24-299;2001;26;10;907;10,1;1;3;4;1;0;0;2;0;0,1;0,3;0,4;0,1;0,4
321;Emiliano Martínez;ARG;GK;Aston Villa;33-223;1992;27;27;2385;26,5;0;0;0;0;0;0;2;0;0;0;0;0;0
322;Lisandro Martínez;ARG;DF;Manchester Utd;28-085;1998;14;9;908;10,1;0;0;0;0;0;0;0;0;0;0;0;0;0
323;Arthur Masuaku;COD;DF;Sunderland;32-157;1993;3;2;126;1,4;0;0;0;0;0;0;1;0;0;0;0;0;0
324;Pape Matar Sarr;SEN;MF;Tottenham Hotspur;23-211;2002;23;13;1356;15,1;2;3;5;2;0;0;2;0;0,13;0,2;0,33;0,13;0,33
325;Jean-Philippe Mateta;FRA;FW;Crystal Palace;28-289;1997;25;23;1961;21,8;10;0;10;6;4;4;2;0;0,46;0;0,46;0,28;0,28
326;Konstantinos Mavropanos;GRE;DF;West Ham United;28-123;1997;25;21;1994;22,2;3;0;3;3;0;0;2;0;0,14;0;0,14;0,14;0,14
327;Eliezer Mayenda;ESP;FW,MF;Sunderland;20-340;2005;19;8;758;8,4;2;0;2;2;0;0;0;0;0,24;0;0,24;0,24;0,24
328;Ezra Mayers;BRB;DF;West Ham United;19-087;2007;6;0;117;1,3;0;0;0;0;0;0;0;0;0;0;0;0;0
329;Noussair Mazraoui;MAR;MF,DF;Manchester Utd;28-150;1997;15;7;618;6,9;0;0;0;0;0;0;3;0;0;0;0;0;0
330;Bryan Mbeumo;CMR;MF,FW;Manchester Utd;26-249;1999;26;26;2187;24,3;9;3;12;9;0;0;4;0;0,37;0,12;0,49;0,37;0,49
331;James Mcatee;ENG;MF;Nottingham Forest;23-177;2002;10;1;180;2;0;0;0;0;0;0;1;0;0;0;0;0;0
332;John McGinn;SCO;MF;Aston Villa;31-177;1994;25;24;1807;20,1;4;2;6;4;0;0;4;0;0,2;0,1;0,3;0,2;0,3
333;Dwight McNeil;ENG;MF;Everton;26-142;1999;19;12;1022;11,4;0;1;1;0;0;0;1;0;0;0,09;0,09;0;0,09
334;Hannibal Mejbri;TUN;MF;Burnley;23-082;2003;23;12;990;11;1;3;4;1;0;0;7;0;0,09;0,27;0,36;0,09;0,36
335;Mikel Merino;ESP;MF,FW;Arsenal;29-295;1996;21;10;1007;11,2;4;3;7;4;0;0;1;0;0,36;0,27;0,63;0,36;0,63
336;Antoni Milambo;NED;MF;Brentford;21-010;2005;1;1;45;0,5;0;0;0;0;0;0;0;0;0;0;0;0;0
337;Nikola Milenkovi?;SRB;DF;Nottingham Forest;28-183;1997;32;32;2880;32;0;0;0;0;0;0;6;0;0;0;0;0;0
338;Lewis Miley;ENG;MF,DF;Newcastle United;19-347;2006;20;12;1226;13,6;1;4;5;1;0;0;0;0;0,07;0,29;0,37;0,07;0,37
339;James Milner;ENG;MF;Brighton;40-099;1986;19;6;726;8,1;1;1;2;0;1;1;2;0;0,12;0,12;0,25;0;0,12
340;Veljko Milosavljevi?;SRB;DF;Bournemouth;18-289;2007;7;4;368;4,1;0;0;0;0;0;0;0;0;0;0;0;0;0
341;Tyrone Mings;ENG;DF;Aston Villa;33-031;1993;13;11;964;10,7;0;0;0;0;0;0;0;0;0;0;0;0;0
342;Yankuba Minteh;GAM;MF;Brighton;21-265;2004;28;21;1911;21,2;2;4;6;2;0;0;2;0;0,09;0,19;0,28;0,09;0,28
343;Tyrick Mitchell;ENG;MF;Crystal Palace;26-224;1999;31;31;2756;30,6;1;2;3;1;0;0;5;0;0,03;0,07;0,1;0,03;0,1
344;Kaoru Mitoma;JPN;MF,FW;Brighton;28-328;1997;21;16;1437;16;2;1;3;2;0;0;3;0;0,13;0,06;0,19;0,13;0,19
345;Morato;BRA;DF;Nottingham Forest;24-287;2001;15;10;941;10,5;0;0;0;0;0;0;4;0;0;0;0;0;0
346;Cristhian Mosquera;ESP;DF;Arsenal;21-290;2004;15;6;688;7,6;0;0;0;0;0;0;2;0;0;0;0;0;0
347;Yerson Mosquera;COL;DF;Wolves;24-346;2001;23;20;1776;19,7;0;0;0;0;0;0;11;0;0;0;0;0;0
348;Mason Mount;ENG;MF;Manchester Utd;27-093;1999;18;10;817;9,1;3;0;3;3;0;0;0;0;0,33;0;0,33;0,33;0,33
349;Divine Mukasa;ENG;MF;Manchester City;18-234;2007;2;0;27;0,3;0;0;0;0;0;0;0;0;0;0;0;0;0
350;Nordi Mukiele;FRA;DF;Sunderland;28-163;1997;26;26;2244;24,9;2;3;5;2;0;0;4;0;0,08;0,12;0,2;0,08;0,2
351;Romaine Mundle;ENG;MF;Sunderland;22-354;2003;14;2;411;4,6;0;0;0;0;0;0;1;0;0;0;0;0;0
352;Marshall Munetsi;ZIM;MF,FW;Wolves;29-295;1996;13;9;875;9,7;1;1;2;1;0;0;2;0;0,1;0,1;0,21;0,1;0,21
353;Rodrigo Muniz;BRA;FW;Fulham;24-344;2001;15;6;664;7,4;1;1;2;1;0;0;1;0;0,14;0,14;0,27;0,14;0,27
354;Daniel Muńoz;COL;MF;Crystal Palace;29-322;1996;22;22;1868;20,8;3;2;5;3;0;0;5;0;0,14;0,1;0,24;0,14;0,24
355;Murillo;BRA;DF;Nottingham Forest;23-283;2002;24;24;2089;23,2;1;0;1;1;0;0;5;0;0,04;0;0,04;0,04;0,04
356;Alex Murphy;IRL;DF;Newcastle United;21-292;2004;1;0;2;0;0;0;0;0;0;0;0;0;0;0;0;0;0
357;Jacob Murphy;ENG;FW,MF;Newcastle United;31-048;1995;27;15;1335;14,8;3;1;4;3;0;0;1;0;0,2;0,07;0,27;0,2;0,27
358;Vitaliy Mykolenko;UKR;DF;Everton;26-319;1999;27;27;2418;26,9;0;1;1;0;0;0;5;0;0;0,04;0,04;0;0,04
359;David Mřller Wolfe;NOR;MF,DF;Wolves;23-355;2002;18;9;846;9,4;0;2;2;0;0;0;1;0;0;0,21;0,21;0;0,21
360;Iliman Ndiaye;SEN;MF;Everton;26-038;2000;26;26;2238;24,9;6;3;9;4;2;2;2;0;0,24;0,12;0,36;0,16;0,28
361;Dan Ndoye;SUI;MF;Nottingham Forest;25-170;2000;24;14;1173;13;1;1;2;1;0;0;1;0;0,08;0,08;0,15;0,08;0,15
362;Dan Neil;ENG;MF;Sunderland;24-121;2001;3;0;14;0,2;0;0;0;0;0;0;0;0;0;0;0;0;0
363;Reiss Nelson;ENG;FW,MF;Brentford;26-124;1999;8;0;106;1,2;0;0;0;0;0;0;0;0;0;0;0;0;0
364;Pedro Neto;POR;MF;Chelsea;26-035;2000;30;26;2299;25,5;5;4;9;5;0;0;4;1;0,2;0,16;0,35;0,2;0,35
365;Luca Netz;GER;DF,MF;Nottingham Forest;22-333;2003;2;0;50;0,6;0;0;0;0;0;0;0;0;0;0;0;0;0
366;Rio Ngumoha;ENG;MF;Liverpool;17-227;2008;14;2;297;3,3;2;0;2;2;0;0;0;0;0,61;0;0,61;0,61;0,61
367;Eddie Nketiah;ENG;MF;Crystal Palace;26-318;1999;12;2;424;4,7;2;0;2;2;0;0;2;0;0,42;0;0,42;0,42;0,42
368;Lukas Nmecha;GER;FW;Leeds United;27-120;1998;25;9;880;9,8;6;1;7;4;2;3;0;0;0,61;0,1;0,72;0,41;0,51
369;Matheus Nunes;POR;DF;Manchester City;27-229;1998;28;26;2355;26,2;1;4;5;1;0;0;4;0;0,04;0,15;0,19;0,04;0,19
370;Ethan Nwaneri;ENG;MF;Arsenal;19-023;2007;6;0;171;1,9;0;0;0;0;0;0;0;0;0;0;0;0;0
371;Trey Nyoni;ENG;MF;Liverpool;18-287;2007;5;0;16;0,2;0;0;0;0;0;0;0;0;0;0;0;0;0
372;Christian Nřrgaard;DEN;MF;Arsenal;32-034;1994;6;0;61;0,7;0;0;0;0;0;0;0;0;0;0;0;0;0
373;Jake O'Brien;IRL;DF;Everton;24-333;2001;31;29;2638;29,3;0;1;1;0;0;0;2;1;0;0,03;0,03;0;0,03
374;Luke O'Nien;ENG;DF;Sunderland;31-143;1994;9;3;321;3,6;0;0;0;0;0;0;1;1;0;0;0;0;0
375;Matt O'Riley;DEN;MF;Brighton;25-143;2000;4;2;187;2,1;1;0;1;0;1;1;0;0;0,48;0;0,48;0;0
376;Wilson Odobert;FRA;MF,FW;Tottenham Hotspur;21-136;2004;24;10;985;10,9;0;2;2;0;0;0;0;0;0;0,18;0,18;0;0,18
377;Noah Okafor;SUI;MF;Leeds United;25-324;2000;24;15;1295;14,4;4;0;4;4;0;0;3;0;0,28;0;0,28;0,28;0,28
378;Callum Olusesi;ENG;MF;Tottenham Hotspur;19-086;2007;1;0;15;0,2;0;0;0;0;0;0;0;0;0;0;0;0;0
379;Amadou Onana;BEL;MF;Aston Villa;24-240;2001;23;20;1650;18,3;2;0;2;2;0;0;2;0;0,11;0;0,11;0,11;0,11
380;Frank Onyeka;NGA;MF;Brentford;28-102;1998;6;0;92;1;0;1;1;0;0;0;0;0;0;0,98;0,98;0;0,98
381;Nehemiah Oriola;ENG;MF;Brighton;18-306;2007;1;0;1;0;0;0;0;0;0;0;0;0;0;0;0;0;0
382;Stefan Ortega;GER;GK;Nottingham Forest;33-158;1992;3;3;270;3;0;0;0;0;0;0;0;0;0;0;0;0;0
383;William Osula;DEN;FW;Newcastle United;22-252;2003;18;2;378;4,2;3;0;3;3;0;0;0;0;0,71;0;0,71;0,71;0,71
384;Dango Ouattara;BFA;MF;Brentford;24-061;2002;26;20;1804;20;5;3;8;5;0;0;4;0;0,25;0,15;0,4;0,25;0,4
385;Nico O'Reilly;ENG;DF,MF;Manchester City;21-023;2005;29;24;2196;24,4;5;3;8;5;0;0;4;0;0,2;0,12;0,33;0,2;0,33
386;Pablo;BRA;MF,FW;West Ham United;22-101;2004;8;6;482;5,4;0;1;1;0;0;0;0;0;0;0,19;0,19;0;0,19
387;Joăo Palhinha;POR;MF,DF;Tottenham Hotspur;30-278;1995;27;19;1808;20,1;3;2;5;3;0;0;6;0;0,15;0,1;0,25;0,15;0,25
388;Cole Palmer;ENG;MF,FW;Chelsea;23-342;2002;21;19;1507;16,7;9;1;10;4;5;5;4;0;0,54;0,06;0,6;0,24;0,3
389;Lucas Paquetá;BRA;MF,FW;West Ham United;28-229;1997;18;18;1511;16,8;4;1;5;2;2;2;7;1;0,24;0,06;0,3;0,12;0,18
390;Nathan Patterson;SCO;DF;Everton;24-179;2001;6;3;240;2,7;0;0;0;0;0;0;0;0;0;0;0;0;0
391;Myles Peart-Harris;ENG;MF;Brentford;23-207;2002;1;0;1;0;0;0;0;0;0;0;0;0;0;0;0;0;0
392;Lucas Perri;BRA;GK;Leeds United;28-124;1997;16;16;1440;16;0;0;0;0;0;0;2;0;0;0;0;0;0
393;?or?e Petrovi?;SRB;GK;Bournemouth;26-187;1999;32;32;2880;32;0;0;0;0;0;0;2;0;0;0;0;0;0
394;Jordan Pickford;ENG;GK;Everton;32-037;1994;32;32;2880;32;0;0;0;0;0;0;3;0;0;0;0;0;0
395;Ethan Pinnock;JAM;DF;Brentford;32-319;1993;4;4;318;3,5;0;0;0;0;0;0;1;0;0;0;0;0;0
396;Yeremi Pino;ESP;MF,FW;Crystal Palace;23-175;2002;28;22;1796;20;2;1;3;2;0;0;4;0;0,1;0,05;0,15;0,1;0,15
397;Joël Piroe;SUR;FW;Leeds United;26-254;1999;13;2;226;2,5;0;0;0;0;0;0;0;0;0;0;0;0;0
398;Nick Pope;ENG;GK;Newcastle United;33-359;1992;22;22;1966;21,8;0;0;0;0;0;0;1;0;0;0;0;0;0
399;Pedro Porro;ESP;DF;Tottenham Hotspur;26-212;1999;28;26;2256;25,1;0;2;2;0;0;0;7;0;0;0,08;0,08;0;0,08
400;Freddie Potts;ENG;MF;West Ham United;22-213;2003;21;12;1159;12,9;0;1;1;0;0;0;1;0;0;0,08;0,08;0;0,08
401;Aaron Ramsdale;ENG;GK;Newcastle United;27-334;1998;11;10;914;10,2;0;0;0;0;0;0;2;0;0;0;0;0;0
402;Jacob Ramsey;ENG;MF;Newcastle United;24-320;2001;22;11;1088;12,1;2;1;3;2;0;0;5;1;0,17;0,08;0,25;0,17;0,25
403;David Raya;ESP;GK;Arsenal;30-210;1995;32;32;2880;32;0;0;0;0;0;0;1;0;0;0;0;0;0
404;Rayan;BRA;MF;Bournemouth;19-253;2006;9;8;692;7,7;2;1;3;2;0;0;1;0;0,26;0,13;0,39;0,26;0,39
405;Harrison Reed;ENG;MF;Fulham;31-076;1995;6;0;31;0,3;1;0;1;1;0;0;0;0;2,9;0;2,9;2,9;2,9
406;Tijjani Reijnders;NED;MF;Manchester City;27-258;1998;26;17;1496;16,6;5;2;7;5;0;0;2;0;0,3;0,12;0,42;0,3;0,42
407;Chadi Riad;MAR;DF;Crystal Palace;22-300;2003;6;3;314;3,5;0;1;1;0;0;0;2;0;0;0,29;0,29;0;0,29
408;Declan Rice;ENG;MF;Arsenal;27-089;1999;31;30;2671;29,7;4;5;9;4;0;0;2;0;0,13;0,17;0,3;0,13;0,3
409;Chris Richards;USA;DF;Crystal Palace;26-016;2000;27;27;2422;26,9;1;0;1;1;0;0;3;0;0,04;0;0,04;0,04;0,04
410;Richarlison;BRA;FW,MF;Tottenham Hotspur;28-338;1997;27;16;1572;17,5;9;3;12;9;0;0;5;0;0,52;0,17;0,69;0,52;0,69
411;Chris Rigg;ENG;MF;Sunderland;18-299;2007;14;9;639;7,1;0;0;0;0;0;0;1;0;0;0;0;0;0
412;Patrick Roberts;ENG;FW,MF;Sunderland;29-067;1997;1;0;28;0,3;0;0;0;0;0;0;0;0;0;0;0;0;0
413;Andrew Robertson;SCO;DF;Liverpool;32-033;1994;20;7;864;9,6;0;0;0;0;0;0;0;0;0;0;0;0;0
414;Antonee Robinson;USA;DF,MF;Fulham;28-248;1997;16;13;1112;12,4;0;0;0;0;0;0;3;0;0;0;0;0;0
415;Kaden Rodney;ENG;DF,MF;Crystal Palace;21-188;2004;1;0;4;0;0;0;0;0;0;0;0;0;0;0;0;0;0
416;Joe Rodon;WAL;DF;Leeds United;28-173;1997;29;29;2545;28,3;2;0;2;2;0;0;1;0;0,07;0;0,07;0,07;0,07
417;Rodri;ESP;MF;Manchester City;29-295;1996;19;15;1334;14,8;1;0;1;1;0;0;2;0;0,07;0;0,07;0,07;0,07
418;Guido Rodríguez;ARG;MF;West Ham United;32-001;1994;6;2;180;2;0;0;0;0;0;0;1;0;0;0;0;0;0
419;Robin Roefs;NED;GK;Sunderland;23-086;2003;29;29;2610;29;0;0;0;0;0;0;3;0;0;0;0;0;0
420;Morgan Rogers;ENG;MF;Aston Villa;23-261;2002;32;32;2830;31,4;8;5;13;8;0;0;6;0;0,25;0,16;0,41;0,25;0,41
421;Merlin Röhl;GER;MF;Everton;23-282;2002;12;2;366;4,1;0;0;0;0;0;0;0;0;0;0;0;0;0
422;Cristian Romero;ARG;DF;Tottenham Hotspur;27-351;1998;23;22;1868;20,8;4;1;5;4;0;0;11;2;0,19;0,05;0,24;0,19;0,24
423;James Rowswell;ENG;DF;Tottenham Hotspur;19-274;2006;1;0;1;0;0;0;0;0;0;0;0;0;0;0;0;0;0
424;Georginio Rutter;FRA;MF,FW;Brighton;23-358;2002;26;19;1619;18;2;2;4;2;0;0;2;0;0,11;0,11;0,22;0,11;0,22
425;José Sá;POR;GK;Wolves;33-086;1993;20;20;1800;20;0;0;0;0;0;0;2;0;0;0;0;0;0
426;Noah Sadiki;COD;MF;Sunderland;21-117;2004;27;27;2382;26,5;0;0;0;0;0;0;7;0;0;0;0;0;0
427;Bukayo Saka;ENG;FW,MF;Arsenal;24-220;2001;27;22;1998;22,2;6;3;9;5;1;1;1;0;0,27;0,14;0,41;0,23;0,36
428;Mohamed Salah;EGY;MF,FW;Liverpool;33-302;1992;23;20;1908;21,2;6;6;12;5;1;1;1;0;0,28;0,28;0,57;0,24;0,52
429;William Saliba;FRA;DF;Arsenal;25-020;2001;26;25;2164;24;1;0;1;1;0;0;1;0;0,04;0;0,04;0,04;0,04
430;Robert Sánchez;ESP;GK;Chelsea;28-146;1997;30;30;2614;29;0;1;1;0;0;0;3;1;0;0,03;0,03;0;0,03
431;Jadon Sancho;ENG;MF;Aston Villa;26-019;2000;19;8;763;8,5;0;2;2;0;0;0;0;0;0;0,24;0,24;0;0,24
432;Ibrahim Sangaré;CIV;MF;Nottingham Forest;28-132;1997;24;22;1855;20,6;2;2;4;2;0;0;5;0;0,1;0,1;0,19;0,1;0,19
433;Andrey Santos;BRA;MF;Chelsea;21-345;2004;24;11;1075;11,9;0;0;0;0;0;0;4;0;0;0;0;0;0
434;Ismaila Sarr;SEN;MF,FW;Crystal Palace;28-047;1998;21;20;1752;19,5;7;1;8;5;2;2;2;0;0,36;0,05;0,41;0,26;0,31
435;Mamadou Sarr;SEN;DF;Chelsea;20-227;2005;2;1;92;1;0;0;0;0;0;0;0;0;0;0;0;0;0
436;Sávio;BRA;MF;Manchester City;22-003;2004;18;5;588;6,5;0;1;1;0;0;0;2;0;0;0,15;0,15;0;0,15
437;Nicolň Savona;ITA;DF;Nottingham Forest;23-025;2003;14;11;1028;11,4;2;0;2;2;0;0;2;0;0,18;0;0,18;0,18;0,18
438;Oliver Scarles;ENG;DF,MF;West Ham United;20-122;2005;12;9;656;7,3;0;0;0;0;0;0;1;0;0;0;0;0;0
439;Dane Scarlett;ENG;FW;Tottenham Hotspur;22-020;2004;2;0;9;0,1;0;0;0;0;0;0;0;0;0;0;0;0;0
440;Kevin Schade;GER;MF,FW;Brentford;24-137;2001;29;27;2296;25,5;7;3;10;7;0;1;6;1;0,27;0,12;0,39;0,27;0,39
441;Fabian Schär;SUI;DF;Newcastle United;34-114;1991;16;11;1091;12,1;0;0;0;0;0;0;1;0;0;0;0;0;0
442;Alex Scott;ENG;MF;Bournemouth;22-235;2003;32;29;2400;26,7;3;1;4;3;0;0;3;0;0,11;0,04;0,15;0,11;0,15
443;Jenson Seelt;NED;DF;Sunderland;22-325;2003;2;1;134;1,5;0;0;0;0;0;0;0;0;0;0;0;0;0
444;Matz Sels;BEL;GK;Nottingham Forest;34-046;1992;25;24;2128;23,6;0;0;0;0;0;0;2;0;0;0;0;0;0
445;Antoine Semenyo;GHA;MF;Bournemouth;26-096;2000;20;20;1798;20;10;3;13;9;1;2;6;0;0,5;0,15;0,65;0,45;0,6
446;Antoine Semenyo;GHA;MF,FW;Manchester City;26-096;2000;10;10;879;9,8;5;1;6;5;0;0;1;0;0,51;0,1;0,61;0,51;0,61
447;Marcos Senesi;ARG;DF;Bournemouth;28-338;1997;31;31;2748;30,5;0;4;4;0;0;0;8;0;0;0,13;0,13;0;0,13
448;Benjamin Šeško;SVN;FW;Manchester Utd;22-317;2003;26;13;1342;14,9;9;1;10;9;0;0;2;0;0,6;0,07;0,67;0,6;0,67
449;Ryan Sessegnon;ENG;DF,MF;Fulham;25-330;2000;25;18;1663;18,5;2;1;3;2;0;0;0;0;0,11;0,05;0,16;0,11;0,16
450;Luke Shaw;ENG;DF;Manchester Utd;30-275;1995;31;31;2615;29,1;0;1;1;0;0;0;5;0;0;0,03;0,03;0;0,03
451;Bernardo Silva;POR;MF;Manchester City;31-246;1994;31;27;2325;25,8;2;4;6;2;0;0;9;0;0,08;0,15;0,23;0,08;0,23
452;Jota Silva;POR;FW;Nottingham Forest;26-255;1999;1;0;12;0,1;0;0;0;0;0;0;0;0;0;0;0;0;0
453;Xavi Simons;NED;MF,FW;Tottenham Hotspur;22-357;2003;26;17;1603;17,8;1;4;5;1;0;0;4;1;0,06;0,22;0,28;0,06;0,28
454;Adam Smith;ENG;DF;Bournemouth;34-349;1991;19;11;809;9;0;1;1;0;0;0;3;0;0;0,11;0,11;0;0,11
455;Emile Smith Rowe;ENG;MF;Fulham;25-259;2000;31;16;1511;16,8;3;0;3;3;0;0;1;0;0,18;0;0,18;0,18;0,18
456;Dominic Solanke;ENG;FW;Tottenham Hotspur;28-211;1997;13;9;872;9,7;3;0;3;3;0;0;1;0;0,31;0;0,31;0,31;0,31
457;Julio Soler;ARG;DF;Bournemouth;21-056;2005;3;0;35;0,4;0;0;0;0;0;0;0;0;0;0;0;0;0
458;Oliver Sonne;PER;DF;Burnley;25-154;2000;7;1;169;1,9;1;0;1;1;0;0;0;0;0,53;0;0,53;0,53;0,53
459;Borna Sosa;CRO;DF,MF;Crystal Palace;28-082;1998;6;0;56;0,6;0;0;0;0;0;0;0;0;0;0;0;0;0
460;Tomáš Sou?ek;CZE;MF;West Ham United;31-045;1995;29;18;1688;18,8;4;0;4;4;0;0;2;1;0,21;0;0,21;0,21;0,21
461;Souza;BRA;MF;Tottenham Hotspur;19-301;2006;4;2;144;1,6;0;0;0;0;0;0;1;0;0;0;0;0;0
462;Djed Spence;ENG;DF,MF;Tottenham Hotspur;25-247;2000;24;21;1808;20,1;0;0;0;0;0;0;4;0;0;0;0;0;0
463;Anton Stach;GER;MF;Leeds United;27-149;1998;26;25;2136;23,7;4;3;7;4;0;0;3;0;0,17;0,13;0,29;0,17;0,29
464;John Stones;ENG;DF;Manchester City;31-320;1994;7;4;353;3,9;0;0;0;0;0;0;0;0;0;0;0;0;0
465;Jřrgen Strand Larsen;NOR;FW;Wolves;26-066;2000;22;14;1404;15,6;1;1;2;0;1;2;2;0;0,06;0,06;0,13;0;0,06
466;Jřrgen Strand Larsen;NOR;FW;Crystal Palace;26-066;2000;7;7;530;5,9;3;0;3;3;0;0;2;0;0,51;0;0,51;0,51;0,51
467;Pascal Struijk;NED;DF;Leeds United;26-245;1999;28;27;2431;27;0;1;1;0;0;0;4;0;0;0,04;0,04;0;0,04
468;Crysencio Summerville;NED;MF,FW;West Ham United;24-165;2001;25;23;1933;21,5;5;1;6;5;0;0;4;0;0,23;0,05;0,28;0,23;0,28
469;Dominik Szoboszlai;HUN;MF,DF;Liverpool;25-170;2000;30;30;2691;29,9;5;3;8;5;0;1;7;1;0,17;0,1;0,27;0,17;0,27
470;Jocelin Ta Bi;CIV;MF;Sunderland;21-063;2005;1;1;38;0,4;0;0;0;0;0;0;0;0;0;0;0;0;0
471;Chemsdine Talbi;MAR;MF,FW;Sunderland;20-339;2005;24;14;1334;14,8;4;1;5;4;0;0;0;0;0,27;0,07;0,34;0,27;0,34
472;Ao Tanaka;JPN;MF;Leeds United;27-215;1998;21;7;769;8,5;2;0;2;2;0;0;1;0;0,23;0;0,23;0,23;0,23
473;James Tarkowski;ENG;DF;Everton;33-145;1992;31;31;2790;31;1;1;2;1;0;0;5;0;0,03;0,03;0,06;0,03;0,06
474;Marcus Tavernier;ENG;MF;Bournemouth;27-022;1999;28;25;2212;24,6;5;4;9;3;2;2;4;0;0,2;0,16;0,37;0,12;0,28
475;Loum Tchaouna;FRA;MF,FW;Burnley;22-217;2003;23;9;858;9,5;1;0;1;1;0;0;1;0;0,1;0;0,1;0,1;0,1
476;Jackson Tchatchoua;CMR;MF,DF;Wolves;24-211;2001;29;18;1795;19,9;0;1;1;0;0;0;3;0;0;0,05;0,05;0;0,05
477;Mathys Tel;FRA;MF,FW;Tottenham Hotspur;20-351;2005;25;9;935;10,4;3;0;3;3;0;0;0;0;0,29;0;0,29;0,29;0,29
478;Kenny Tete;NED;DF;Fulham;30-186;1995;22;21;1791;19,9;1;0;1;1;0;0;2;0;0,05;0;0,05;0,05;0,05
479;Igor Thiago;BRA;FW;Brentford;24-291;2001;32;31;2742;30,5;21;1;22;14;7;8;6;0;0,69;0,03;0,72;0,46;0,49
480;Malick Thiaw;GER;DF;Newcastle United;24-248;2001;29;27;2425;26,9;4;0;4;4;0;0;4;0;0,15;0;0,15;0,15;0,15
481;Youri Tielemans;BEL;MF;Aston Villa;28-341;1997;19;16;1412;15,7;0;4;4;0;0;0;0;0;0;0,25;0,25;0;0,25
482;Jurriën Timber;NED;DF;Arsenal;24-300;2001;30;28;2454;27,3;3;5;8;3;0;0;5;0;0,11;0,18;0,29;0,11;0,29
483;Jean-Clair Todibo;FRA;DF;West Ham United;26-104;1999;20;20;1698;18,9;0;1;1;0;0;0;4;1;0;0,05;0,05;0;0,05
484;Sandro Tonali;ITA;MF;Newcastle United;25-340;2000;30;26;2127;23,6;0;2;2;0;0;0;3;0;0;0,08;0,08;0;0,08
485;Pau Torres;ESP;DF;Aston Villa;29-087;1997;18;16;1478;16,4;0;0;0;0;0;0;0;0;0;0;0;0;0
486;Alex Tóth;HUN;MF;Bournemouth;20-172;2005;5;1;80;0,9;0;0;0;0;0;0;1;0;0;0;0;0;0
487;James Trafford;ENG;GK;Manchester City;23-185;2002;3;3;270;3;0;0;0;0;0;0;0;0;0;0;0;0;0
488;Adama Traoré;ESP;MF;Fulham;30-078;1996;15;1;274;3;0;0;0;0;0;0;0;0;0;0;0;0;0
489;Adama Traoré;ESP;FW,MF;West Ham United;30-078;1996;8;0;104;1,2;0;0;0;0;0;0;1;0;0;0;0;0;0
490;Bertrand Traoré;BFA;MF,FW;Sunderland;30-219;1995;12;9;632;7;1;0;1;1;0;0;1;0;0,14;0;0,14;0,14;0,14
491;Mike Trésor;BEL;FW,MF;Burnley;26-320;1999;5;0;39;0,4;0;0;0;0;0;0;0;0;0;0;0;0;0
492;Kieran Trippier;ENG;DF;Newcastle United;35-206;1990;18;17;1456;16,2;0;1;1;0;0;0;3;0;0;0,06;0,06;0;0,06
493;Leandro Trossard;BEL;FW,MF;Arsenal;31-130;1994;27;18;1714;19;5;5;10;5;0;0;1;0;0,26;0,26;0,53;0,26;0,53
494;Adrien Truffert;FRA;DF;Bournemouth;24-144;2001;32;32;2839;31,5;0;3;3;0;0;0;4;0;0;0,1;0,1;0;0,1
495;Axel Tuanzebe;COD;DF;Burnley;28-150;1997;11;11;931;10,3;1;0;1;1;0;0;1;0;0,1;0;0,1;0,1;0,1
496;Stefanos Tzimas;GRE;FW;Brighton;20-097;2006;9;1;139;1,5;1;1;2;1;0;0;0;0;0,65;0,65;1,29;0,65;1,29
497;Christantus Uche;NGA;FW;Crystal Palace;22-329;2003;14;0;173;1,9;0;0;0;0;0;0;0;0;0;0;0;0;0
498;Destiny Udogie;ITA;DF,MF;Tottenham Hotspur;23-136;2002;15;9;933;10,4;0;1;1;0;0;0;3;0;0;0,1;0,1;0;0,1
499;Manuel Ugarte;URU;MF;Manchester Utd;25-002;2001;21;7;797;8,9;0;0;0;0;0;0;1;0;0;0;0;0;0
500;Lesley Ugochukwu;FRA;MF;Burnley;22-018;2004;31;23;2039;22,7;3;1;4;3;0;0;3;1;0,13;0,04;0,18;0,13;0,18
501;Enes Ünal;TUR;FW;Bournemouth;28-338;1997;18;0;187;2,1;1;0;1;1;0;0;1;0;0,48;0;0,48;0,48;0,48
502;Hákon Valdimarsson;ISL;GK;Brentford;24-182;2001;1;1;90;1;0;0;0;0;0;0;0;0;0;0;0;0;0
503;Virgil van Dijk;NED;DF;Liverpool;34-279;1991;32;32;2880;32;3;0;3;3;0;0;4;0;0,09;0;0,09;0,09;0,09
504;Joël Veltman;NED;DF;Brighton;34-088;1992;20;8;853;9,5;1;0;1;1;0;0;4;0;0,11;0;0,11;0,11;0,11
505;Micky van de Ven;NED;DF;Tottenham Hotspur;24-359;2001;29;29;2501;27,8;4;1;5;4;0;0;8;1;0,14;0,04;0,18;0,14;0,18
506;Bart Verbruggen;NED;GK;Brighton;23-238;2002;32;32;2880;32;0;0;0;0;0;0;3;0;0;0;0;0;0
507;Guglielmo Vicario;ITA;GK;Tottenham Hotspur;29-188;1996;31;31;2790;31;0;0;0;0;0;0;1;0;0;0;0;0;0
508;Kyle Walker;ENG;DF,MF;Burnley;35-320;1990;30;29;2556;28,4;0;2;2;0;0;0;8;0;0;0,07;0,07;0;0,07
509;Kyle Walker-Peters;ENG;DF;West Ham United;29-000;1997;19;11;1049;11,7;1;0;1;1;0;0;2;0;0,09;0;0,09;0,09;0,09
510;Aaron Wan-Bissaka;COD;DF,MF;West Ham United;28-138;1997;22;21;1903;21,1;0;2;2;0;0;0;4;0;0;0,09;0,09;0;0,09
511;James Ward-Prowse;ENG;MF;West Ham United;31-163;1994;5;5;413;4,6;0;0;0;0;0;0;0;0;0;0;0;0;0
512;James Ward-Prowse;ENG;MF;Burnley;31-163;1994;7;4;407;4,5;0;1;1;0;0;0;1;0;0;0,22;0,22;0;0,22
513;Ollie Watkins;ENG;FW;Aston Villa;30-104;1995;31;28;2379;26,4;9;1;10;9;0;0;3;0;0,34;0,04;0,38;0,34;0,38
514;Tom Watson;ENG;MF;Brighton;20-005;2006;6;0;62;0,7;0;0;0;0;0;0;1;0;0;0;0;0;0
515;Danny Welbeck;ENG;FW;Brighton;35-138;1990;31;21;1900;21,1;12;0;12;11;1;3;5;0;0,57;0;0,57;0,52;0,52
516;Adam Wharton;ENG;MF;Crystal Palace;22-066;2004;28;26;2190;24,3;0;5;5;0;0;0;6;1;0;0,21;0,21;0;0,21
517;Ben White;ENG;DF;Arsenal;28-187;1997;8;6;486;5,4;0;1;1;0;0;0;0;0;0;0,19;0,19;0;0,19
518;Mats Wieffer;NED;DF;Brighton;26-148;1999;22;19;1661;18,5;2;3;5;2;0;0;7;0;0,11;0,16;0,27;0,11;0,27
519;Neco Williams;WAL;DF;Nottingham Forest;25-000;2001;31;31;2708;30,1;2;3;5;2;0;0;5;1;0,07;0,1;0,17;0,07;0,17
520;Estęvăo Willian;BRA;MF;Chelsea;18-354;2007;21;11;833;9,3;2;2;4;2;0;0;4;0;0,22;0,22;0,43;0,22;0,43
521;Joe Willock;ENG;MF;Newcastle United;26-236;1999;20;7;703;7,8;0;1;1;0;0;0;3;0;0;0,13;0,13;0;0,13
522;Callum Wilson;ENG;FW,MF;West Ham United;34-045;1992;26;10;1058;11,8;5;1;6;5;0;0;0;0;0,43;0,09;0,51;0,43;0,51
523;Harry Wilson;WAL;MF;Fulham;29-022;1997;30;28;2338;26;10;6;16;10;0;0;6;0;0,38;0,23;0,62;0,38;0,62
524;Ben Winterburn;ENG;MF;Bournemouth;21-221;2004;1;0;7;0,1;0;0;0;0;0;0;0;0;0;0;0;0;0
525;Florian Wirtz;GER;MF;Liverpool;22-345;2003;28;24;2071;23;4;3;7;4;0;0;1;0;0,17;0,13;0,3;0,17;0,3
526;Yoane Wissa;COD;FW;Newcastle United;29-222;1996;14;4;432;4,8;1;0;1;1;0;0;1;0;0,21;0;0,21;0,21;0,21
527;Nick Woltemade;GER;FW,MF;Newcastle United;24-058;2002;28;21;1671;18,6;7;3;10;6;1;1;0;0;0,38;0,16;0,54;0,32;0,48
528;Chris Wood;NZL;FW;Nottingham Forest;34-127;1991;9;7;566;6,3;2;0;2;2;0;0;0;0;0,32;0;0,32;0,32;0,32
529;Joe Worrall;ENG;DF;Burnley;29-093;1997;11;5;500;5,6;0;0;0;0;0;0;0;0;0;0;0;0;0
530;Granit Xhaka;SUI;MF;Sunderland;33-198;1992;28;26;2364;26,3;1;5;6;1;0;0;5;0;0,04;0,19;0,23;0,04;0,23
531;Yehor Yarmoliuk;UKR;MF;Brentford;22-043;2004;32;25;2223;24,7;1;2;3;1;0;0;7;0;0,04;0,08;0,12;0,04;0,12
532;Ryan Yates;ENG;MF;Nottingham Forest;28-143;1997;17;1;417;4,6;0;1;1;0;0;0;1;0;0;0,22;0,22;0;0,22
533;Leny Yoro;FRA;DF;Manchester Utd;20-151;2005;28;17;1615;17,9;0;0;0;0;0;0;1;0;0;0;0;0;0
534;Oleksandr Zinchenko;UKR;DF;Nottingham Forest;29-119;1996;5;4;353;3,9;0;0;0;0;0;0;0;0;0;0;0;0;0
535;Joshua Zirkzee;NED;FW,MF;Manchester Utd;24-326;2001;18;4;523;5,8;2;1;3;2;0;0;1;0;0,34;0,17;0,52;0,34;0,52
536;Martín Zubimendi;ESP;MF;Arsenal;27-070;1999;32;31;2671;29,7;5;1;6;5;0;0;4;0;0,17;0,03;0,2;0,17;0,2
537;Martin Řdegaard;NOR;MF;Arsenal;27-117;1998;20;13;1076;12;1;5;6;1;0;0;0;0;0,08;0,42;0,5;0,08;0,5
